id,first_name,last_name,email,gender,ip_address
1,Vere,Colleck,vcolleck0@bandcamp.com,Female,129.141.176.217
2,Nolan,De Ferraris,ndeferraris1@usa.gov,Non-binary,242.168.10.106
3,Lindsey,Pilsbury,lpilsbury2@disqus.com,Male,231.245.112.217
4,Addy,Elwin,aelwin3@t-online.de,Male,34.229.155.31
5,Mill,Cato,mcato4@about.me,Male,54.174.10.171
6,Vicki,Ricardo,vricardo5@dagondesign.com,Female,18.7.37.216
7,Alyosha,Brittles,abrittles6@alexa.com,Male,156.195.101.41
8,Seward,Capelle,scapelle7@prlog.org,Male,64.248.180.21
9,Humberto,Cobbald,hcobbald8@flickr.com,Male,195.210.40.96
10,Susette,Gillinghams,sgillinghams9@last.fm,Non-binary,35.230.104.112
11,Lucias,Glasgow,lglasgowa@github.io,Male,59.156.208.254
12,Dalston,Brettell,dbrettellb@i2i.jp,Male,237.106.6.214
13,Blake,Lody,blodyc@netscape.com,Female,175.100.216.64
14,Loria,D'Angeli,ldangelid@dmoz.org,Agender,230.104.97.29
15,Coletta,Ahearne,cahearnee@blogspot.com,Female,3.65.161.185
16,Joceline,Brummell,jbrummellf@google.ru,Female,105.176.210.56
17,Stavros,Kettlewell,skettlewellg@army.mil,Male,168.189.215.60
18,Luigi,Whiteway,lwhitewayh@narod.ru,Male,174.65.79.129
19,Gabrielle,Alder,galderi@wufoo.com,Female,167.68.96.163
20,Solly,Jaqueminet,sjaqueminetj@facebook.com,Male,234.46.0.165
21,Bernadene,Farrier,bfarrierk@un.org,Female,250.79.216.136
22,Mallory,Bendel,mbendell@amazon.co.uk,Male,178.126.28.161
23,Zaneta,Cettell,zcettellm@linkedin.com,Female,88.239.181.66
24,Hilliary,Casbon,hcasbonn@123-reg.co.uk,Female,151.135.90.80
25,Zebulon,Wringe,zwringeo@w3.org,Male,192.248.19.93
26,Chip,Glasgow,cglasgowp@jiathis.com,Male,77.169.237.210
27,Hilary,Adenot,hadenotq@shinystat.com,Male,24.57.25.112
28,Allayne,McLarnon,amclarnonr@elpais.com,Male,103.138.33.166
29,Carrie,Gillitt,cgillitts@sun.com,Female,88.216.126.176
30,Rocky,Birdsey,rbirdseyt@geocities.com,Male,77.225.124.214
31,Cedric,Reely,creelyu@sogou.com,Male,189.188.122.96
32,Munmro,Bowery,mboweryv@fc2.com,Male,218.232.128.81
33,Sophia,Speedin,sspeedinw@edublogs.org,Female,119.16.233.210
34,Ailee,Guillond,aguillondx@marketwatch.com,Genderfluid,203.3.170.236
35,Fenelia,Mort,fmorty@wunderground.com,Female,254.199.230.62
36,Marleen,Parkes,mparkesz@who.int,Female,244.106.39.24
37,Anni,Tewkesberry,atewkesberry10@indiegogo.com,Female,191.53.103.40
38,Diane,Eilhermann,deilhermann11@wp.com,Female,148.175.225.111
39,Waldemar,Kedge,wkedge12@cbslocal.com,Polygender,67.255.104.175
40,Giralda,Brum,gbrum13@cornell.edu,Female,34.253.181.198
41,Ros,Tupp,rtupp14@issuu.com,Female,131.52.174.103
42,Marcella,Ahlf,mahlf15@google.com.au,Female,151.221.209.209
43,Niven,Hanniger,nhanniger16@youtube.com,Polygender,50.30.90.94
44,Phaidra,Abelovitz,pabelovitz17@cargocollective.com,Female,133.54.171.151
45,Rodd,Ney,rney18@mac.com,Male,75.113.147.93
46,Nikoletta,Atwater,natwater19@sina.com.cn,Female,203.160.165.124
47,Law,Hawkshaw,lhawkshaw1a@rediff.com,Male,214.172.255.31
48,Bonita,Mayte,bmayte1b@instagram.com,Female,252.152.40.160
49,Nickey,Preon,npreon1c@1688.com,Male,221.22.107.142
50,Sandy,Duding,sduding1d@utexas.edu,Female,44.208.127.179
51,Andie,Gaskoin,agaskoin1e@kickstarter.com,Male,226.43.21.207
52,Marika,Driffield,mdriffield1f@github.com,Female,217.124.219.201
53,Ab,Klesl,aklesl1g@upenn.edu,Male,118.254.248.177
54,Skip,Rappaport,srappaport1h@weather.com,Male,174.74.192.227
55,Kipp,Conwell,kconwell1i@senate.gov,Female,188.44.242.59
56,Aymer,Stevenson,astevenson1j@ycombinator.com,Male,25.19.154.88
57,Janeva,Gynn,jgynn1k@tmall.com,Female,17.240.223.151
58,Miltie,Toderbrugge,mtoderbrugge1l@icq.com,Male,94.31.235.26
59,Reuben,O'Docherty,rodocherty1m@ocn.ne.jp,Male,127.30.99.180
60,Ianthe,Klimecki,iklimecki1n@si.edu,Female,97.168.70.251
61,Johann,Billings,jbillings1o@hhs.gov,Male,225.5.52.170
62,Shaughn,Wartnaby,swartnaby1p@house.gov,Male,183.95.206.122
63,Claire,Veldens,cveldens1q@ustream.tv,Male,61.202.180.124
64,Katherina,Wherrett,kwherrett1r@wikispaces.com,Female,166.228.206.133
65,Christiane,Hodgins,chodgins1s@nih.gov,Female,75.123.178.136
66,Billy,Kreutzer,bkreutzer1t@prnewswire.com,Male,172.210.75.200
67,Farley,Demetr,fdemetr1u@51.la,Male,66.104.116.216
68,Rubi,Agnolo,ragnolo1v@princeton.edu,Non-binary,149.32.1.193
69,Brok,Wrinch,bwrinch1w@reuters.com,Male,89.116.184.88
70,Rosabella,Halladey,rhalladey1x@fastcompany.com,Female,66.216.157.38
71,Curry,Smedmore,csmedmore1y@wsj.com,Male,146.199.44.12
72,Edgar,Emms,eemms1z@redcross.org,Male,13.90.171.128
73,Josefa,Moxley,jmoxley20@nbcnews.com,Polygender,44.5.145.50
74,Sherie,Kyncl,skyncl21@behance.net,Female,82.245.76.217
75,Dolph,Haistwell,dhaistwell22@howstuffworks.com,Male,17.227.221.7
76,Anabel,Jiggens,ajiggens23@ycombinator.com,Female,233.118.81.150
77,Ed,Duthie,eduthie24@arstechnica.com,Male,52.68.104.240
78,Thorndike,Scammell,tscammell25@networksolutions.com,Male,43.37.30.178
79,Wyndham,Peltzer,wpeltzer26@ca.gov,Male,30.77.41.72
80,Moishe,Presslie,mpresslie27@indiegogo.com,Male,121.91.112.236
81,Abbot,Planke,aplanke28@discuz.net,Male,225.172.251.17
82,Glynda,Sewall,gsewall29@reverbnation.com,Female,17.55.58.155
83,Neala,Congram,ncongram2a@alibaba.com,Female,228.63.239.44
84,Patti,Sumpner,psumpner2b@paypal.com,Female,72.153.203.211
85,Alidia,Delepine,adelepine2c@myspace.com,Agender,200.11.195.22
86,Erl,Cubbon,ecubbon2d@pagesperso-orange.fr,Male,2.203.192.7
87,Hamil,Cossentine,hcossentine2e@ucsd.edu,Male,172.220.26.232
88,Daloris,Burston,dburston2f@wikimedia.org,Bigender,190.151.231.212
89,Tybalt,Jansey,tjansey2g@ask.com,Male,156.18.187.180
90,Rosanne,Muggleston,rmuggleston2h@unc.edu,Female,237.113.41.153
91,Wilow,Mutter,wmutter2i@nsw.gov.au,Female,153.64.37.49
92,Trefor,Godfree,tgodfree2j@wsj.com,Male,6.195.36.156
93,Hubie,McGaugie,hmcgaugie2k@linkedin.com,Male,168.194.160.155
94,Willyt,Barbier,wbarbier2l@unblog.fr,Female,195.175.71.70
95,Turner,Perris,tperris2m@yolasite.com,Male,18.54.100.140
96,Maria,Kershow,mkershow2n@yale.edu,Female,174.0.171.248
97,Carly,Lorraine,clorraine2o@nyu.edu,Female,186.174.16.205
98,Rance,Clementel,rclementel2p@yolasite.com,Male,162.3.232.131
99,Woody,Sallarie,wsallarie2q@wiley.com,Male,80.213.176.195
100,Clifford,Wey,cwey2r@google.com.au,Male,146.255.241.138
101,Chadwick,Tweedlie,ctweedlie2s@privacy.gov.au,Male,104.195.223.225
102,Mortie,Hoolaghan,mhoolaghan2t@shareasale.com,Male,65.57.127.177
103,Amalee,Mahaffey,amahaffey2u@springer.com,Female,17.3.54.151
104,Chanda,Losel,closel2v@soundcloud.com,Female,67.225.209.198
105,Bronny,Lutwidge,blutwidge2w@tinypic.com,Male,186.2.117.179
106,Woodman,Akram,wakram2x@comcast.net,Male,82.200.50.68
107,Murdoch,Trewhella,mtrewhella2y@vinaora.com,Male,90.105.73.232
108,Alex,Yakov,ayakov2z@goo.gl,Male,150.34.143.103
109,Welch,Godby,wgodby30@yelp.com,Non-binary,96.5.62.28
110,Aimee,Pordal,apordal31@microsoft.com,Female,17.183.46.145
111,Gay,Shoppee,gshoppee32@google.com.au,Male,32.114.175.127
112,Marga,Axel,maxel33@dailymail.co.uk,Female,253.100.103.134
113,Harri,McGrotty,hmcgrotty34@senate.gov,Female,110.245.5.227
114,Melisse,Scarborough,mscarborough35@gizmodo.com,Female,36.229.252.82
115,Jacques,Mack,jmack36@lycos.com,Agender,109.153.216.228
116,Rosalynd,McReidy,rmcreidy37@hugedomains.com,Female,162.118.233.51
117,Mathias,Pickles,mpickles38@patch.com,Male,192.200.76.209
118,Reynold,Abson,rabson39@google.pl,Agender,114.94.234.101
119,Jeffry,Rossey,jrossey3a@joomla.org,Male,218.49.135.62
120,Malanie,Boodle,mboodle3b@google.pl,Female,154.111.193.236
121,Benoite,Jerram,bjerram3c@answers.com,Female,207.71.139.8
122,Gideon,Challicum,gchallicum3d@live.com,Male,21.142.98.142
123,Rowland,Ossenna,rossenna3e@hubpages.com,Male,155.191.185.120
124,Donella,Hannen,dhannen3f@amazon.com,Agender,135.78.53.96
125,Wilona,Sprasen,wsprasen3g@xing.com,Female,182.68.137.100
126,Teresina,Kurth,tkurth3h@prweb.com,Non-binary,137.223.77.31
127,Owen,Willgrass,owillgrass3i@360.cn,Male,247.39.206.87
128,Melinde,Cupper,mcupper3j@buzzfeed.com,Female,58.177.108.179
129,Kiley,Clynman,kclynman3k@patch.com,Female,157.238.149.55
130,Tammi,Syratt,tsyratt3l@exblog.jp,Female,34.25.228.4
131,Risa,Eldrid,reldrid3m@163.com,Female,115.208.7.161
132,Debbi,Crittal,dcrittal3n@oracle.com,Female,45.184.231.93
133,Rahel,Kynson,rkynson3o@merriam-webster.com,Female,211.112.75.119
134,Ike,Willowby,iwillowby3p@google.fr,Male,68.166.167.68
135,Cash,Rubenczyk,crubenczyk3q@linkedin.com,Genderqueer,71.57.87.44
136,Mabel,Rossbrook,mrossbrook3r@bing.com,Female,251.135.249.94
137,Ralf,Colleck,rcolleck3s@shutterfly.com,Male,2.234.108.192
138,Flint,McPeck,fmcpeck3t@storify.com,Male,1.109.149.230
139,Giorgia,Middas,gmiddas3u@dmoz.org,Female,75.25.253.41
140,Sayres,Evamy,sevamy3v@istockphoto.com,Male,114.155.188.28
141,Emelyne,Hembery,ehembery3w@qq.com,Bigender,191.35.46.31
142,Guthrie,Waleworke,gwaleworke3x@geocities.com,Male,145.22.136.50
143,Blair,Lantuffe,blantuffe3y@a8.net,Male,247.219.190.197
144,Irene,Haugg,ihaugg3z@ucla.edu,Female,68.229.22.167
145,Nickey,Jenicek,njenicek40@tinyurl.com,Genderqueer,176.57.33.80
146,Dewitt,Philippault,dphilippault41@opensource.org,Male,241.167.6.66
147,Benny,Goning,bgoning42@livejournal.com,Female,96.127.155.145
148,Aubrie,Leffek,aleffek43@altervista.org,Female,196.152.189.121
149,Courtney,Aked,caked44@wordpress.com,Female,7.32.44.81
150,Emlyn,Lind,elind45@liveinternet.ru,Male,255.73.211.161
151,Angelique,Cheales,acheales46@shutterfly.com,Agender,200.207.40.26
152,Jean,Timmins,jtimmins47@bravesites.com,Female,17.237.130.177
153,Alida,Hambleton,ahambleton48@squarespace.com,Female,87.221.204.176
154,Ignacius,Dinse,idinse49@apple.com,Male,189.161.159.97
155,Francklyn,Tacey,ftacey4a@nbcnews.com,Male,134.156.13.20
156,Jaimie,Peer,jpeer4b@list-manage.com,Female,7.129.135.53
157,Denise,Lewing,dlewing4c@washington.edu,Female,246.225.203.198
158,Arny,Kirwood,akirwood4d@dailymail.co.uk,Genderfluid,195.107.11.134
159,Hillard,Theriot,htheriot4e@altervista.org,Male,186.190.142.203
160,Melosa,Ricardot,mricardot4f@tripod.com,Female,25.215.62.167
161,Val,Ruane,vruane4g@nydailynews.com,Male,245.149.26.242
162,Nick,Webber,nwebber4h@cnet.com,Male,209.56.188.37
163,Langston,Dyster,ldyster4i@miitbeian.gov.cn,Male,157.56.219.72
164,Janeen,Birchenough,jbirchenough4j@flickr.com,Female,42.32.146.65
165,Jo-anne,von Hagt,jvonhagt4k@weebly.com,Female,95.220.58.162
166,Frasco,Wilstead,fwilstead4l@wordpress.org,Male,96.142.72.67
167,Swen,Lisimore,slisimore4m@amazon.co.jp,Male,219.47.178.187
168,Allianora,Romagnosi,aromagnosi4n@ibm.com,Female,1.254.168.32
169,Marillin,Attridge,mattridge4o@wikimedia.org,Female,34.105.73.209
170,Silvana,Chasteau,schasteau4p@exblog.jp,Female,75.14.69.227
171,Barnard,Muskett,bmuskett4q@timesonline.co.uk,Male,156.209.188.219
172,Franny,Brumhead,fbrumhead4r@hao123.com,Male,181.191.162.101
173,Monty,Quincey,mquincey4s@trellian.com,Male,185.138.58.222
174,Beitris,Duthie,bduthie4t@toplist.cz,Female,1.253.30.143
175,Natassia,Cremer,ncremer4u@google.com.au,Female,106.186.243.248
176,Helen-elizabeth,McGonigle,hmcgonigle4v@cisco.com,Female,159.1.238.23
177,Livy,Facer,lfacer4w@jugem.jp,Female,111.205.221.161
178,Tracee,Dreye,tdreye4x@theguardian.com,Female,35.191.228.173
179,Giralda,Innwood,ginnwood4y@oracle.com,Female,110.41.222.186
180,Myrle,Goodhay,mgoodhay4z@virginia.edu,Female,70.231.153.72
181,Tudor,Tomczykowski,ttomczykowski50@tinyurl.com,Male,200.45.74.228
182,Rennie,Draisey,rdraisey51@rambler.ru,Female,101.186.58.7
183,Renata,Granham,rgranham52@usatoday.com,Female,151.205.158.61
184,Stirling,Leap,sleap53@fastcompany.com,Male,91.243.63.204
185,Delores,Emeline,demeline54@taobao.com,Female,151.252.164.33
186,Hardy,Probate,hprobate55@icio.us,Male,135.208.152.17
187,Chiarra,Feldmus,cfeldmus56@state.tx.us,Female,45.32.237.148
188,Raffarty,Grabham,rgrabham57@pbs.org,Bigender,214.43.191.255
189,Ericha,Gyford,egyford58@ameblo.jp,Female,242.152.203.108
190,Lesli,Presman,lpresman59@simplemachines.org,Female,84.213.110.123
191,Farrel,Eichmann,feichmann5a@shutterfly.com,Male,161.226.88.131
192,Dorie,Cusworth,dcusworth5b@census.gov,Male,61.212.10.91
193,Caleb,Mumford,cmumford5c@bloglines.com,Male,180.215.47.251
194,Christan,Scully,cscully5d@ebay.co.uk,Female,79.3.210.189
195,Bertie,Hinstridge,bhinstridge5e@bandcamp.com,Male,96.117.152.34
196,Gualterio,Harroway,gharroway5f@trellian.com,Male,32.41.101.143
197,Ephrayim,Andreini,eandreini5g@twitpic.com,Male,133.195.141.130
198,Brandy,Henrion,bhenrion5h@icq.com,Female,195.53.153.119
199,Kelvin,Geely,kgeely5i@patch.com,Male,162.224.159.196
200,Wakefield,O'Hear,wohear5j@dailymotion.com,Male,213.33.212.81
201,Charlie,Grayne,cgrayne5k@nytimes.com,Male,86.43.17.0
202,Mandy,McWhannel,mmcwhannel5l@ow.ly,Female,245.214.39.35
203,Pearle,Kmicicki,pkmicicki5m@issuu.com,Female,29.224.47.248
204,Tomas,Whistance,twhistance5n@ycombinator.com,Male,212.168.184.73
205,Patrice,Lound,plound5o@go.com,Female,95.202.91.245
206,Woodrow,Brandassi,wbrandassi5p@irs.gov,Male,2.58.185.14
207,Sara-ann,Radloff,sradloff5q@usnews.com,Female,254.1.67.21
208,Merissa,Rawdall,mrawdall5r@google.cn,Female,186.218.165.223
209,Penni,Roland,proland5s@123-reg.co.uk,Female,235.81.188.208
210,Cesare,Crux,ccrux5t@nps.gov,Male,87.141.108.107
211,Antin,Jannequin,ajannequin5u@barnesandnoble.com,Male,230.34.111.236
212,Hedy,MacMillan,hmacmillan5v@rambler.ru,Female,56.33.23.74
213,Leilah,Redmore,lredmore5w@issuu.com,Female,34.157.83.233
214,Moshe,Jolley,mjolley5x@theatlantic.com,Male,20.113.111.207
215,Arlyne,Hawson,ahawson5y@rediff.com,Female,21.30.99.135
216,Noak,Loxley,nloxley5z@surveymonkey.com,Non-binary,84.241.11.133
217,Caren,Nolte,cnolte60@miibeian.gov.cn,Female,3.215.36.54
218,Shem,Magarrell,smagarrell61@prweb.com,Male,113.61.128.222
219,Carlin,Becconsall,cbecconsall62@etsy.com,Male,75.87.102.253
220,Alphard,Mahoney,amahoney63@ft.com,Male,91.17.34.84
221,Angus,Moseley,amoseley64@instagram.com,Male,40.60.59.169
222,Holly,Strangeway,hstrangeway65@ehow.com,Male,135.43.186.125
223,Gilberta,Remington,gremington66@imageshack.us,Female,43.2.146.42
224,Stesha,Yole,syole67@myspace.com,Female,205.127.117.183
225,Elnora,Yansons,eyansons68@altervista.org,Female,77.237.181.1
226,Bran,Rubinivitz,brubinivitz69@amazon.com,Male,54.124.173.184
227,Julianne,Collaton,jcollaton6a@addthis.com,Female,249.68.14.142
228,Dion,Berge,dberge6b@admin.ch,Male,141.189.133.215
229,Morgen,Aguilar,maguilar6c@wired.com,Male,247.111.135.27
230,Ricky,Cristofano,rcristofano6d@histats.com,Female,61.25.144.127
231,Osmund,Farrin,ofarrin6e@ow.ly,Male,163.27.40.156
232,Stacy,Drover,sdrover6f@mashable.com,Polygender,171.68.22.63
233,Alfy,Stoad,astoad6g@fema.gov,Male,132.245.39.146
234,Teddi,Reilly,treilly6h@networksolutions.com,Female,228.253.10.62
235,Marianne,Perkis,mperkis6i@ed.gov,Female,168.82.169.145
236,Yuri,Ivashin,yivashin6j@ovh.net,Male,67.113.91.19
237,Burt,Gotobed,bgotobed6k@vk.com,Male,115.135.85.207
238,Armand,Hodjetts,ahodjetts6l@ow.ly,Male,33.119.187.53
239,Shae,Huitt,shuitt6m@gov.uk,Female,64.97.28.5
240,Moria,Bohler,mbohler6n@europa.eu,Polygender,105.10.7.6
241,Hanni,Swiers,hswiers6o@fastcompany.com,Female,196.226.54.218
242,Corilla,Durran,cdurran6p@a8.net,Female,190.26.35.239
243,Irvin,Champley,ichampley6q@wiley.com,Male,28.235.5.61
244,Basia,Aartsen,baartsen6r@bloglines.com,Female,114.190.0.167
245,Elyse,Keele,ekeele6s@umn.edu,Female,179.96.255.64
246,Bobby,Scally,bscally6t@cocolog-nifty.com,Female,210.64.38.153
247,Coop,Hatje,chatje6u@g.co,Male,18.42.171.35
248,Brodie,Shearn,bshearn6v@mtv.com,Male,134.92.71.133
249,Prudi,Moakson,pmoakson6w@salon.com,Female,213.153.20.83
250,Bette-ann,Rosengarten,brosengarten6x@weebly.com,Female,91.35.245.98
251,Virginie,Ibert,vibert6y@marriott.com,Female,126.127.157.172
252,Clarinda,Adriaan,cadriaan6z@pbs.org,Female,74.238.18.64
253,Rosabelle,Yakunkin,ryakunkin70@paginegialle.it,Female,8.152.240.77
254,Iain,Custed,icusted71@sogou.com,Male,216.235.143.251
255,Priscella,Coffee,pcoffee72@yellowbook.com,Female,41.206.80.173
256,Janene,Coady,jcoady73@cbc.ca,Female,31.199.248.174
257,Eden,Bonifas,ebonifas74@nps.gov,Female,69.245.223.3
258,Darell,Riditch,driditch75@prweb.com,Female,128.225.142.17
259,Woody,Youtead,wyoutead76@wikipedia.org,Male,12.101.30.34
260,Allyson,Plaunch,aplaunch77@loc.gov,Female,200.11.199.190
261,Harlene,Reape,hreape78@hexun.com,Female,173.45.248.224
262,Cross,Biggs,cbiggs79@hibu.com,Male,110.43.180.230
263,Virgie,Gorgler,vgorgler7a@squarespace.com,Female,160.73.147.90
264,Rois,Nijssen,rnijssen7b@sun.com,Female,162.222.13.234
265,Erek,Renfield,erenfield7c@soup.io,Male,62.155.146.33
266,Phebe,Huband,phuband7d@mail.ru,Genderfluid,245.60.74.50
267,Hewie,Corner,hcorner7e@abc.net.au,Male,10.31.178.228
268,Vail,Hasslocher,vhasslocher7f@disqus.com,Male,129.193.74.167
269,Berti,Pavlasek,bpavlasek7g@apache.org,Female,155.96.161.58
270,Franklin,Cossans,fcossans7h@ft.com,Male,126.221.82.17
271,Shannah,Lodin,slodin7i@yelp.com,Female,150.90.121.7
272,Aurore,Plail,aplail7j@accuweather.com,Genderqueer,13.170.140.44
273,Riordan,Tinham,rtinham7k@tripadvisor.com,Male,210.12.106.90
274,Silvain,Bispham,sbispham7l@dagondesign.com,Male,158.230.195.113
275,Cedric,Gloster,cgloster7m@twitpic.com,Genderqueer,66.158.13.0
276,Xylia,Dunderdale,xdunderdale7n@msu.edu,Genderqueer,88.152.244.4
277,Redd,Jerrold,rjerrold7o@mtv.com,Male,8.18.130.140
278,Jessie,Kobsch,jkobsch7p@parallels.com,Male,63.33.252.18
279,Kacey,Clausewitz,kclausewitz7q@sitemeter.com,Female,190.59.95.249
280,Vonni,Sainz,vsainz7r@cloudflare.com,Female,210.100.80.218
281,Cortie,Whiffen,cwhiffen7s@domainmarket.com,Male,81.96.151.26
282,Beilul,Bangley,bbangley7t@bravesites.com,Female,224.101.152.206
283,Elwood,Pottage,epottage7u@dailymotion.com,Male,144.87.137.215
284,Kristofer,Obern,kobern7v@usnews.com,Male,86.52.251.75
285,Rosaleen,Varney,rvarney7w@forbes.com,Female,118.22.15.128
286,Jobi,Cardinal,jcardinal7x@theatlantic.com,Female,102.179.176.45
287,Erskine,Brassington,ebrassington7y@ftc.gov,Male,206.21.199.223
288,Giustina,Oldman,goldman7z@dailymail.co.uk,Female,22.175.28.20
289,Nathan,Saltsberger,nsaltsberger80@independent.co.uk,Genderfluid,166.241.204.187
290,Hastie,McVaugh,hmcvaugh81@discovery.com,Male,43.249.215.111
291,Marty,Poe,mpoe82@usda.gov,Male,191.147.154.181
292,Basil,Alves,balves83@eepurl.com,Male,154.71.218.82
293,Jamie,Muirden,jmuirden84@example.com,Female,112.81.102.82
294,Quincey,Schistl,qschistl85@xrea.com,Male,95.171.1.161
295,Meriel,Hubbuck,mhubbuck86@vkontakte.ru,Female,188.102.221.43
296,Jilly,Forth,jforth87@prnewswire.com,Female,16.67.11.189
297,Carmine,Haskey,chaskey88@blogger.com,Male,188.136.190.5
298,Marci,Thornthwaite,mthornthwaite89@washingtonpost.com,Female,44.208.90.255
299,Anabelle,Tanslie,atanslie8a@spotify.com,Female,146.131.234.26
300,Niel,Garstan,ngarstan8b@arizona.edu,Male,191.186.141.202
301,Halie,Titford,htitford8c@google.fr,Female,80.185.255.14
302,Kendrick,Diack,kdiack8d@npr.org,Male,52.116.190.174
303,Dallis,Kryska,dkryska8e@google.cn,Male,214.123.142.117
304,Jeniffer,Grannell,jgrannell8f@pagesperso-orange.fr,Female,37.49.17.221
305,Magnum,Smitten,msmitten8g@bandcamp.com,Male,86.9.252.90
306,Jaimie,Bazoge,jbazoge8h@redcross.org,Female,117.41.5.128
307,Ellary,Garwill,egarwill8i@amazon.de,Male,58.42.64.119
308,Cristiano,Hymas,chymas8j@yolasite.com,Male,195.188.219.29
309,Odell,Ledbetter,oledbetter8k@ftc.gov,Genderfluid,236.45.102.238
310,Belia,Perry,bperry8l@yandex.ru,Female,144.122.153.120
311,Grazia,Steadman,gsteadman8m@skype.com,Female,242.117.236.143
312,Stephanie,Eddins,seddins8n@usnews.com,Female,240.74.139.172
313,Fifine,Tippett,ftippett8o@exblog.jp,Bigender,208.102.103.255
314,Brynn,Cornew,bcornew8p@gov.uk,Female,117.235.65.107
315,Vittorio,Cattrell,vcattrell8q@chicagotribune.com,Male,119.121.38.56
316,Olivie,Kynson,okynson8r@ehow.com,Female,20.53.34.167
317,Vite,Craigmile,vcraigmile8s@stumbleupon.com,Male,230.58.0.144
318,Franni,Craufurd,fcraufurd8t@privacy.gov.au,Female,133.28.130.67
319,Marcus,Fassbender,mfassbender8u@odnoklassniki.ru,Male,154.190.95.7
320,Vladamir,Woodford,vwoodford8v@g.co,Male,87.26.173.43
321,Jude,Kaplan,jkaplan8w@boston.com,Male,248.251.11.63
322,Marlow,Skerm,mskerm8x@jiathis.com,Male,150.197.43.118
323,Miguelita,Wattinham,mwattinham8y@foxnews.com,Female,221.107.118.167
324,Minetta,Pilgram,mpilgram8z@php.net,Female,143.23.8.166
325,Dreddy,Gerler,dgerler90@theglobeandmail.com,Female,81.178.66.154
326,Bryant,Bayle,bbayle91@gnu.org,Male,102.58.227.145
327,Nola,Sapena,nsapena92@wordpress.org,Female,110.96.85.66
328,Louella,Hills,lhills93@usda.gov,Female,31.15.150.231
329,Jacquenetta,Gerrell,jgerrell94@de.vu,Female,219.87.139.178
330,Jilly,Radloff,jradloff95@marriott.com,Female,104.170.34.183
331,Lorine,Pevsner,lpevsner96@omniture.com,Female,12.183.81.29
332,Natale,Ostridge,nostridge97@slashdot.org,Male,247.205.251.214
333,Ivory,Paulon,ipaulon98@yolasite.com,Female,123.153.207.12
334,Mireille,Mayho,mmayho99@taobao.com,Female,77.45.57.112
335,Robinet,Macenzy,rmacenzy9a@rediff.com,Male,6.6.159.236
336,Elroy,Mouland,emouland9b@symantec.com,Male,196.173.166.93
337,Israel,Bowater,ibowater9c@noaa.gov,Male,51.103.180.125
338,Sholom,Angel,sangel9d@dmoz.org,Male,171.226.231.183
339,Gabbie,Stenner,gstenner9e@sitemeter.com,Female,167.75.83.75
340,Garrek,O'Sheerin,gosheerin9f@cbslocal.com,Male,204.133.104.49
341,Ollie,Lightoller,olightoller9g@sfgate.com,Male,64.18.220.136
342,Bernhard,Wigfall,bwigfall9h@dot.gov,Male,114.147.84.84
343,Ernie,Menzies,emenzies9i@sun.com,Male,135.223.84.133
344,Alyse,Sibbons,asibbons9j@prnewswire.com,Female,202.197.110.20
345,Fitz,Farran,ffarran9k@addthis.com,Male,131.160.150.171
346,Courtney,Ropars,cropars9l@youtube.com,Female,125.255.51.63
347,Lauren,Quene,lquene9m@techcrunch.com,Genderfluid,14.160.128.188
348,Job,Matchett,jmatchett9n@thetimes.co.uk,Male,56.245.196.119
349,Amelita,Minghi,aminghi9o@apple.com,Female,109.206.93.215
350,Noel,Ebbing,nebbing9p@harvard.edu,Male,147.165.98.197
351,Lewie,Carlin,lcarlin9q@jimdo.com,Male,233.112.204.0
352,Luis,Ielden,lielden9r@rambler.ru,Male,218.20.193.52
353,Hagen,Meriot,hmeriot9s@digg.com,Male,190.239.34.108
354,Caril,Cuschieri,ccuschieri9t@elpais.com,Female,65.255.100.158
355,Cam,Gorcke,cgorcke9u@diigo.com,Male,249.81.155.237
356,Mariana,Westley,mwestley9v@arstechnica.com,Female,104.147.145.125
357,Renault,Mebius,rmebius9w@mysql.com,Male,112.172.123.202
358,Winthrop,Haselhurst,whaselhurst9x@ycombinator.com,Male,117.68.28.250
359,Alysa,Halcro,ahalcro9y@wikispaces.com,Female,50.129.180.161
360,Elset,Points,epoints9z@thetimes.co.uk,Female,46.0.104.244
361,Roxanna,Scoble,rscoblea0@marriott.com,Female,76.252.25.43
362,Robinet,Buckenhill,rbuckenhilla1@flickr.com,Female,21.163.40.169
363,Leah,Lober,llobera2@gravatar.com,Female,238.237.176.246
364,Rhonda,Ownsworth,rownswortha3@npr.org,Female,52.206.88.77
365,Tessi,Brobeck,tbrobecka4@1und1.de,Female,100.145.216.64
366,Rosmunda,Beadel,rbeadela5@mashable.com,Polygender,144.152.195.97
367,Ryann,Dearell,rdearella6@pagesperso-orange.fr,Female,233.172.110.130
368,Sybila,Burtonwood,sburtonwooda7@twitter.com,Female,10.234.63.218
369,Giffie,Casale,gcasalea8@diigo.com,Male,25.116.119.192
370,Lilyan,Frankel,lfrankela9@harvard.edu,Female,226.66.19.120
371,Sid,Neame,sneameaa@storify.com,Male,21.115.155.66
372,Sherye,Olden,soldenab@google.pl,Female,57.94.212.95
373,Sheena,Pietrzak,spietrzakac@hhs.gov,Female,225.53.231.183
374,Barbara-anne,Cambell,bcambellad@blogspot.com,Polygender,203.39.21.205
375,Albertine,Gildersleeve,agildersleeveae@marriott.com,Female,217.146.80.70
376,Dianemarie,Viveash,dviveashaf@oakley.com,Female,204.62.231.53
377,Wylie,Sharphurst,wsharphurstag@tiny.cc,Male,46.255.18.197
378,Hobey,Greenslade,hgreensladeah@squidoo.com,Male,38.117.76.83
379,Albertine,Geraldo,ageraldoai@acquirethisname.com,Female,122.101.30.78
380,Marketa,Tolossi,mtolossiaj@t.co,Female,176.41.132.69
381,Estrella,Nulty,enultyak@shutterfly.com,Female,106.97.168.37
382,Shani,Tester,stesteral@opera.com,Female,69.14.166.254
383,Margarethe,Clute,mcluteam@goo.gl,Female,155.237.240.254
384,Tadeo,Estrella,testrellaan@foxnews.com,Male,10.27.112.71
385,Georas,Kovalski,gkovalskiao@t-online.de,Male,214.47.67.108
386,Monroe,Moorman,mmoormanap@mapy.cz,Male,174.143.174.91
387,Flinn,Pettigrew,fpettigrewaq@networkadvertising.org,Male,209.144.85.48
388,Huntington,Mellers,hmellersar@shutterfly.com,Genderqueer,200.204.233.169
389,Dylan,Klawi,dklawias@dyndns.org,Male,49.209.241.131
390,Averil,Trent,atrentat@pcworld.com,Male,94.31.18.161
391,Elsinore,Blaxland,eblaxlandau@whitehouse.gov,Female,90.141.159.234
392,Nell,Hagerty,nhagertyav@samsung.com,Polygender,142.63.183.35
393,Giles,Redshaw,gredshawaw@senate.gov,Male,120.77.171.25
394,Siusan,Bareford,sbarefordax@shop-pro.jp,Female,36.245.120.2
395,Kimberlyn,Rittelmeyer,krittelmeyeray@goo.ne.jp,Female,119.233.170.59
396,Wes,Dillamore,wdillamoreaz@topsy.com,Male,26.220.243.178
397,Willi,Dollar,wdollarb0@princeton.edu,Male,126.206.30.221
398,Van,Royal,vroyalb1@washington.edu,Female,13.183.117.90
399,Uri,Franey,ufraneyb2@free.fr,Male,253.84.182.112
400,Pip,Hedworth,phedworthb3@networkadvertising.org,Male,162.108.179.124
401,Hilton,Furley,hfurleyb4@answers.com,Male,21.13.115.242
402,Brad,Perdue,bperdueb5@hao123.com,Male,216.174.224.194
403,Patty,O'Cullen,pocullenb6@biglobe.ne.jp,Female,164.141.239.194
404,Maryanna,Seamon,mseamonb7@wikispaces.com,Bigender,121.43.13.201
405,Avril,Sandwith,asandwithb8@histats.com,Female,77.186.120.245
406,Carney,Batterham,cbatterhamb9@cornell.edu,Male,1.34.121.129
407,Buddy,Scammonden,bscammondenba@thetimes.co.uk,Male,143.192.177.237
408,Koenraad,Clement,kclementbb@wordpress.org,Male,81.239.123.181
409,Annissa,Pettipher,apettipherbc@furl.net,Polygender,143.168.248.236
410,Hew,Shemming,hshemmingbd@wikia.com,Male,103.213.206.23
411,Udall,Gowling,ugowlingbe@ebay.co.uk,Male,212.117.211.101
412,Hobart,Marthen,hmarthenbf@blogtalkradio.com,Male,1.162.84.14
413,Elisabetta,Brunnen,ebrunnenbg@sbwire.com,Female,76.148.229.50
414,Bryon,Dewis,bdewisbh@hostgator.com,Male,53.162.120.193
415,Clementina,Tousy,ctousybi@cyberchimps.com,Female,104.232.166.143
416,Catherin,Selbie,cselbiebj@cafepress.com,Female,33.197.185.121
417,Cynde,Rounding,croundingbk@illinois.edu,Female,58.15.48.93
418,Mandie,Parades,mparadesbl@springer.com,Female,87.177.174.2
419,Arda,Oakwell,aoakwellbm@soundcloud.com,Female,228.242.176.93
420,Gearalt,Fealty,gfealtybn@howstuffworks.com,Male,208.159.59.218
421,Chauncey,McMichell,cmcmichellbo@apache.org,Male,175.123.138.241
422,Kris,Woolvett,kwoolvettbp@shareasale.com,Male,58.166.114.232
423,Donall,Broom,dbroombq@samsung.com,Male,18.125.196.134
424,Christiano,Spreadbury,cspreadburybr@ehow.com,Male,124.44.162.83
425,Caritta,Battison,cbattisonbs@ameblo.jp,Female,134.125.22.255
426,Hayward,Froude,hfroudebt@webnode.com,Male,88.6.126.249
427,Melody,Iwanowicz,miwanowiczbu@jalbum.net,Female,39.165.8.215
428,Beau,Birden,bbirdenbv@google.com,Male,6.178.9.222
429,Mace,Mannakee,mmannakeebw@huffingtonpost.com,Male,192.66.218.16
430,Shannan,McNirlan,smcnirlanbx@unesco.org,Male,148.148.115.147
431,Yul,Bottby,ybottbyby@about.me,Male,94.107.36.164
432,Marwin,Sangwin,msangwinbz@umn.edu,Male,91.47.222.120
433,Koralle,Houseago,khouseagoc0@earthlink.net,Female,161.192.221.57
434,Anabel,Pollicote,apollicotec1@skyrock.com,Bigender,136.84.206.238
435,Parke,Ridolfo,pridolfoc2@telegraph.co.uk,Male,130.139.223.124
436,Ulrick,Hayth,uhaythc3@pbs.org,Male,254.104.162.75
437,Karna,Keeffe,kkeeffec4@icq.com,Female,183.14.111.86
438,Nola,Haller,nhallerc5@cpanel.net,Female,210.123.158.253
439,Wilt,Dymoke,wdymokec6@umn.edu,Male,176.213.208.206
440,Trina,De Courtney,tdecourtneyc7@seesaa.net,Female,51.75.17.29
441,Barbie,Hardwicke,bhardwickec8@booking.com,Female,214.198.12.165
442,Leonid,Gascar,lgascarc9@epa.gov,Male,41.119.110.97
443,Amerigo,Coweuppe,acoweuppeca@lycos.com,Male,75.120.116.45
444,Addie,Corah,acorahcb@adobe.com,Male,95.233.176.42
445,Juliet,Fintoph,jfintophcc@phpbb.com,Female,220.24.102.111
446,Lisha,Toppin,ltoppincd@wp.com,Female,89.177.31.113
447,Crichton,Pole,cpolece@globo.com,Male,123.108.236.229
448,Zeke,Norledge,znorledgecf@mysql.com,Male,191.49.254.254
449,Herman,Knights,hknightscg@skyrock.com,Male,202.255.27.198
450,Cathrin,Adam,cadamch@uiuc.edu,Female,76.72.224.168
451,Scotty,Siaspinski,ssiaspinskici@chron.com,Bigender,141.167.47.127
452,Christin,Feast,cfeastcj@sogou.com,Agender,204.111.133.157
453,Drew,Coltan,dcoltanck@netscape.com,Male,217.197.92.80
454,Nesta,Mettricke,nmettrickecl@clickbank.net,Agender,104.119.85.149
455,Christoper,Baccas,cbaccascm@vkontakte.ru,Male,167.17.49.182
456,Dom,Barenski,dbarenskicn@spiegel.de,Genderfluid,193.135.247.200
457,Jayson,Skerme,jskermeco@homestead.com,Male,3.1.148.236
458,Aurelia,Dulanty,adulantycp@sitemeter.com,Female,137.97.14.205
459,Jaime,Scurry,jscurrycq@dailymotion.com,Male,196.254.202.175
460,Claudina,Stephenson,cstephensoncr@yahoo.com,Female,160.217.194.180
461,Hendrik,Yurivtsev,hyurivtsevcs@ucsd.edu,Male,31.103.72.31
462,Shae,Dawley,sdawleyct@java.com,Male,89.187.23.151
463,Pen,Connock,pconnockcu@usa.gov,Male,232.83.60.130
464,Krishnah,Ivanyushin,kivanyushincv@census.gov,Male,163.12.235.23
465,Minette,Matton,mmattoncw@amazonaws.com,Female,207.208.201.207
466,Koo,Oseman,kosemancx@sina.com.cn,Female,85.212.136.81
467,Allix,Filkin,afilkincy@addthis.com,Female,208.176.20.3
468,Natividad,Muggach,nmuggachcz@printfriendly.com,Female,15.74.83.106
469,Tiebout,Witcherley,twitcherleyd0@dion.ne.jp,Male,133.76.188.77
470,Heidi,Tussaine,htussained1@php.net,Female,74.168.100.252
471,Willem,Vayne,wvayned2@sbwire.com,Male,46.207.196.248
472,Suzy,Lesek,slesekd3@t-online.de,Female,33.219.39.252
473,Bogart,Aldins,baldinsd4@eepurl.com,Male,22.177.74.39
474,Schuyler,Edmons,sedmonsd5@theguardian.com,Male,245.71.46.245
475,Sonja,Kondrachenko,skondrachenkod6@webeden.co.uk,Female,232.151.180.172
476,Parry,Gowdy,pgowdyd7@japanpost.jp,Male,171.56.194.202
477,Ardelle,Bouskill,abouskilld8@google.co.jp,Female,247.109.211.110
478,Horton,Quinlan,hquinland9@tripadvisor.com,Male,88.103.109.76
479,Lyssa,Crohan,lcrohanda@si.edu,Female,229.114.119.255
480,Donnamarie,Patesel,dpateseldb@umich.edu,Female,231.250.214.208
481,Carleton,Danaher,cdanaherdc@bbc.co.uk,Male,157.97.250.5
482,Mackenzie,Pascho,mpaschodd@shinystat.com,Male,153.10.77.184
483,Arman,Furby,afurbyde@psu.edu,Male,113.33.192.8
484,Morley,Cowland,mcowlanddf@nsw.gov.au,Male,240.245.183.51
485,Anstice,Samarth,asamarthdg@whitehouse.gov,Polygender,17.208.228.84
486,Tomasina,Culbert,tculbertdh@51.la,Female,38.143.120.160
487,Adrian,Morde,amordedi@nature.com,Female,62.111.63.174
488,Kinna,Crossgrove,kcrossgrovedj@fema.gov,Female,169.215.226.18
489,Binnie,Thickpenny,bthickpennydk@e-recht24.de,Female,26.129.48.51
490,Krysta,Friedman,kfriedmandl@tamu.edu,Female,125.150.139.98
491,Adolphus,Bonnick,abonnickdm@princeton.edu,Male,118.238.36.15
492,Salomi,Toller,stollerdn@stumbleupon.com,Female,112.93.120.243
493,Meade,Conyard,mconyarddo@trellian.com,Female,47.41.155.105
494,Ettie,Schafer,eschaferdp@sina.com.cn,Female,61.95.231.88
495,Jerri,Bragger,jbraggerdq@nationalgeographic.com,Male,139.162.141.185
496,Manolo,Muncie,mmunciedr@cafepress.com,Male,243.158.179.228
497,Albina,Cayford,acayfordds@techcrunch.com,Female,145.152.0.164
498,Natasha,Wooffitt,nwooffittdt@xrea.com,Female,161.220.129.141
499,Katy,Fontaine,kfontainedu@friendfeed.com,Female,236.47.217.4
500,Val,Astley,vastleydv@hexun.com,Female,199.222.222.12
501,Orv,Catling,ocatlingdw@squidoo.com,Male,173.36.55.26
502,Laurent,Joder,ljoderdx@is.gd,Male,172.64.218.59
503,Nadiya,Traut,ntrautdy@google.ca,Female,150.4.58.248
504,Theodore,Cattonnet,tcattonnetdz@baidu.com,Male,216.48.42.95
505,Starla,Batistelli,sbatistellie0@edublogs.org,Female,136.239.124.32
506,Lyndsay,Fonteyne,lfonteynee1@webs.com,Polygender,248.195.177.208
507,Ethan,Schnitter,eschnittere2@themeforest.net,Male,21.234.250.72
508,Schuyler,Domnick,sdomnicke3@virginia.edu,Male,229.233.225.35
509,Aloysia,Maddra,amaddrae4@ft.com,Female,118.148.21.155
510,Sammy,Baldacchi,sbaldacchie5@hao123.com,Male,139.85.252.15
511,Nerita,Dayly,ndaylye6@nbcnews.com,Genderqueer,181.93.86.141
512,Lilli,Talby,ltalbye7@nymag.com,Female,124.78.153.132
513,Derby,Keizman,dkeizmane8@phpbb.com,Male,82.140.46.39
514,Thatcher,Dain,tdaine9@mtv.com,Male,146.132.166.27
515,Trumann,Fawdrie,tfawdrieea@bing.com,Male,213.153.204.233
516,Jourdan,Abramchik,jabramchikeb@domainmarket.com,Female,0.215.78.187
517,Clementia,Wason,cwasonec@harvard.edu,Female,81.74.63.50
518,Analiese,Shelsher,ashelshered@virginia.edu,Genderqueer,13.140.245.223
519,Jerald,Labbez,jlabbezee@netvibes.com,Male,58.176.121.169
520,Fletcher,Habens,fhabensef@independent.co.uk,Male,143.18.138.27
521,Coriss,Cashford,ccashfordeg@arizona.edu,Female,226.29.82.23
522,Yelena,Wapple,ywappleeh@cmu.edu,Female,67.44.199.252
523,Thorpe,Eberz,teberzei@edublogs.org,Male,64.245.207.11
524,Chandra,Yezafovich,cyezafovichej@reddit.com,Female,2.227.231.131
525,Dido,Stenson,dstensonek@themeforest.net,Female,152.73.51.211
526,Ashly,Diss,adissel@flickr.com,Female,7.117.44.13
527,Reena,Rosenzveig,rrosenzveigem@washingtonpost.com,Female,71.72.132.20
528,Abdul,Hagart,ahagarten@sphinn.com,Male,125.21.40.244
529,Horatio,Limon,hlimoneo@skype.com,Male,182.151.175.176
530,Umberto,Leathers,uleathersep@infoseek.co.jp,Male,64.124.28.223
531,Emelina,Geaves,egeaveseq@storify.com,Female,199.26.199.244
532,Emmet,Ivanchenkov,eivanchenkover@dyndns.org,Male,81.201.128.69
533,Querida,Toppin,qtoppines@wikimedia.org,Female,2.123.188.234
534,Nydia,Fullerton,nfullertonet@vinaora.com,Female,77.172.173.251
535,Joelynn,Rickardes,jrickardeseu@un.org,Female,55.35.227.243
536,Kevan,Hayer,khayerev@xing.com,Genderfluid,201.145.17.135
537,Dall,Foro,dforoew@reverbnation.com,Male,21.151.215.183
538,Bryanty,Blowin,bblowinex@wufoo.com,Male,210.5.208.7
539,Vanny,Grisley,vgrisleyey@mediafire.com,Female,24.11.54.182
540,Nathaniel,O'Shesnan,noshesnanez@wisc.edu,Male,197.186.45.216
541,Gwen,Blind,gblindf0@altervista.org,Non-binary,135.92.243.216
542,Christoph,Austins,caustinsf1@topsy.com,Male,118.16.59.140
543,Dana,MacNucator,dmacnucatorf2@usatoday.com,Male,131.221.213.16
544,Colene,Raffeorty,craffeortyf3@tuttocitta.it,Female,87.116.146.37
545,Johnathan,McPherson,jmcphersonf4@spiegel.de,Male,222.204.29.53
546,Glenda,Farlamb,gfarlambf5@twitter.com,Female,255.41.50.118
547,Teresina,Straun,tstraunf6@macromedia.com,Non-binary,184.239.65.67
548,Dominic,Setch,dsetchf7@hhs.gov,Male,251.179.155.121
549,Tawsha,Ducarne,tducarnef8@hibu.com,Female,149.95.198.98
550,Alon,Worgan,aworganf9@shinystat.com,Agender,242.182.169.223
551,Ruthanne,Leonardi,rleonardifa@facebook.com,Female,177.120.48.12
552,Swen,Baddeley,sbaddeleyfb@archive.org,Male,137.131.8.111
553,Clarie,Pack,cpackfc@omniture.com,Female,214.88.89.43
554,Wylma,Leijs,wleijsfd@unesco.org,Female,110.238.134.182
555,Remington,Kummerlowe,rkummerlowefe@virginia.edu,Polygender,175.54.37.198
556,Deedee,Friatt,dfriattff@twitter.com,Female,107.223.109.188
557,Papageno,Veeler,pveelerfg@mayoclinic.com,Male,45.223.0.148
558,Dasya,Howel,dhowelfh@bbc.co.uk,Female,80.150.51.4
559,Hatti,Draayer,hdraayerfi@php.net,Female,206.49.94.212
560,Vern,Hallford,vhallfordfj@go.com,Male,218.231.135.88
561,Lorianne,Dumbarton,ldumbartonfk@eepurl.com,Female,110.225.126.226
562,Nadeen,Roizin,nroizinfl@hexun.com,Female,243.11.48.145
563,Lorrayne,Ewington,lewingtonfm@twitpic.com,Bigender,95.210.130.208
564,Gwynne,Moyers,gmoyersfn@canalblog.com,Female,150.11.154.221
565,Alisander,Dally,adallyfo@ow.ly,Male,152.254.2.165
566,Cindelyn,Beert,cbeertfp@npr.org,Female,47.29.112.98
567,Bernadine,Feek,bfeekfq@phoca.cz,Female,163.39.191.29
568,Adrianne,Rubinov,arubinovfr@pen.io,Female,20.54.46.130
569,Ag,Buttrick,abuttrickfs@squarespace.com,Female,166.152.58.115
570,Von,Gilvary,vgilvaryft@imdb.com,Male,171.96.1.101
571,Miguel,Suddaby,msuddabyfu@apple.com,Male,217.38.194.98
572,Concettina,Croston,ccrostonfv@newsvine.com,Female,253.45.206.191
573,Jarvis,Marrow,jmarrowfw@time.com,Male,8.135.155.122
574,Homer,Mellows,hmellowsfx@w3.org,Male,197.126.106.222
575,Bobbee,Imlach,bimlachfy@xrea.com,Female,145.136.113.244
576,Benjy,Haddrill,bhaddrillfz@paypal.com,Male,56.144.83.231
577,Delora,Sawkins,dsawkinsg0@gmpg.org,Female,49.247.187.196
578,Nedda,Kiljan,nkiljang1@state.gov,Female,108.99.69.111
579,Kyle,Waldram,kwaldramg2@1688.com,Female,103.3.55.190
580,Halsy,Harold,hharoldg3@cocolog-nifty.com,Male,67.224.205.201
581,Farley,Anwyl,fanwylg4@domainmarket.com,Male,147.228.103.180
582,Alli,Sizland,asizlandg5@economist.com,Female,128.188.186.145
583,Kerrie,Opie,kopieg6@webs.com,Female,141.167.118.230
584,Fulvia,Addams,faddamsg7@mozilla.org,Bigender,10.94.132.44
585,Cara,Barnwell,cbarnwellg8@usatoday.com,Female,137.21.20.34
586,Maddi,Lidgett,mlidgettg9@ovh.net,Female,224.76.10.140
587,Brendon,Labin,blabinga@com.com,Male,173.39.207.40
588,Amitie,Doran,adorangb@barnesandnoble.com,Female,11.73.123.19
589,Cleveland,Greathead,cgreatheadgc@wikimedia.org,Agender,190.107.174.25
590,Luciano,Cockshott,lcockshottgd@mayoclinic.com,Male,75.226.88.17
591,Jacqueline,Cockshutt,jcockshuttge@cbsnews.com,Female,233.80.117.12
592,Gae,Foresight,gforesightgf@mozilla.org,Female,150.81.27.33
593,Idalina,Sheeran,isheerangg@wikispaces.com,Female,141.126.229.127
594,Robbin,Hiscoke,rhiscokegh@hp.com,Female,28.17.96.5
595,Guillermo,Behne,gbehnegi@woothemes.com,Male,19.206.189.198
596,Coralie,Hakonsson,chakonssongj@noaa.gov,Female,219.158.227.235
597,Laurianne,Arnow,larnowgk@nba.com,Bigender,22.53.154.44
598,Cass,Cattini,ccattinigl@geocities.com,Female,187.86.178.139
599,Kevin,Isham,kishamgm@usnews.com,Male,164.185.214.245
600,Berri,Este,bestegn@accuweather.com,Female,230.241.187.152
601,Maybelle,Desmond,mdesmondgo@dropbox.com,Female,16.15.39.79
602,Reeta,Shitliff,rshitliffgp@economist.com,Female,82.221.144.50
603,Belicia,McGaffey,bmcgaffeygq@paginegialle.it,Female,48.214.127.73
604,Sena,Waldren,swaldrengr@uol.com.br,Female,183.72.220.135
605,Alla,Hariot,ahariotgs@flavors.me,Female,51.150.13.77
606,Mellicent,Hamm,mhammgt@cafepress.com,Female,100.105.106.209
607,Tandie,Raysdale,traysdalegu@hatena.ne.jp,Female,71.210.34.86
608,Jules,Peever,jpeevergv@google.co.jp,Male,95.197.148.48
609,Mia,Rackstraw,mrackstrawgw@deliciousdays.com,Female,214.76.189.75
610,Neddy,Potebury,npoteburygx@fastcompany.com,Male,13.37.213.147
611,Simmonds,Futty,sfuttygy@nyu.edu,Male,17.225.39.123
612,Sherwin,MacKim,smackimgz@nymag.com,Male,106.132.79.205
613,Ajay,Carvil,acarvilh0@hubpages.com,Female,49.113.210.117
614,Alethea,Axten,aaxtenh1@geocities.jp,Female,128.7.105.106
615,Caralie,Bohlsen,cbohlsenh2@cbsnews.com,Female,240.15.83.23
616,Wilmer,Dayly,wdaylyh3@cbc.ca,Male,11.20.154.125
617,Jermaine,Tidey,jtideyh4@instagram.com,Female,83.229.79.63
618,Tait,Camerati,tcameratih5@sina.com.cn,Male,172.36.208.72
619,Janeen,Knappett,jknappetth6@geocities.jp,Female,110.0.45.22
620,Leah,Molohan,lmolohanh7@oakley.com,Female,140.51.208.115
621,Pavel,Bazell,pbazellh8@mozilla.org,Male,34.41.243.10
622,Joly,Sheppey,jsheppeyh9@blogs.com,Non-binary,252.104.119.79
623,Rickard,Mothersole,rmothersoleha@ihg.com,Bigender,126.160.85.60
624,Rena,Saltern,rsalternhb@jalbum.net,Female,234.235.97.252
625,Ciro,Dron,cdronhc@mediafire.com,Male,2.138.192.225
626,Loralie,Betonia,lbetoniahd@amazon.de,Female,3.182.196.249
627,Reinold,Robertelli,rrobertellihe@deviantart.com,Male,107.215.47.13
628,Fairleigh,Carabet,fcarabethf@quantcast.com,Male,137.85.24.140
629,Dionne,Karchowski,dkarchowskihg@cmu.edu,Genderqueer,141.209.145.91
630,Anabal,Romain,aromainhh@sourceforge.net,Female,37.47.142.93
631,Madlen,Huntall,mhuntallhi@qq.com,Female,175.170.98.191
632,Clarie,Challenger,cchallengerhj@printfriendly.com,Polygender,35.55.31.178
633,Lonny,Maiden,lmaidenhk@sphinn.com,Male,49.85.175.68
634,Raquela,Heater,rheaterhl@kickstarter.com,Female,44.11.26.80
635,Truman,Blaxton,tblaxtonhm@cargocollective.com,Male,252.5.73.211
636,Ekaterina,Scaddon,escaddonhn@admin.ch,Female,234.63.158.159
637,Ellwood,Clinning,eclinningho@dailymail.co.uk,Male,78.33.38.15
638,Sayre,Goroni,sgoronihp@scribd.com,Male,246.178.147.229
639,Jeramie,Nowlan,jnowlanhq@dyndns.org,Male,208.254.214.8
640,Mirelle,Lauritsen,mlauritsenhr@howstuffworks.com,Female,183.55.25.101
641,Nate,Lenormand,nlenormandhs@geocities.com,Male,32.89.209.197
642,Mallorie,Hutsby,mhutsbyht@example.com,Female,199.123.213.221
643,Avie,Corston,acorstonhu@tiny.cc,Female,187.95.181.227
644,Neale,Bradford,nbradfordhv@wiley.com,Male,64.182.194.192
645,Konstantine,Bayston,kbaystonhw@paypal.com,Male,52.201.191.207
646,Elbertina,McTerrelly,emcterrellyhx@ucla.edu,Female,79.177.222.131
647,Rochester,Legerton,rlegertonhy@mozilla.com,Male,243.155.241.205
648,Ive,Ritson,iritsonhz@wikispaces.com,Male,116.253.151.59
649,Hildegaard,Chifney,hchifneyi0@msu.edu,Female,45.65.95.178
650,Stefa,Arkill,sarkilli1@amazon.co.uk,Female,197.242.95.225
651,Bernard,Doumic,bdoumici2@myspace.com,Male,68.245.185.244
652,Laetitia,Evison,levisoni3@gravatar.com,Polygender,229.183.209.159
653,Carmine,Haysom,chaysomi4@hubpages.com,Male,199.12.249.114
654,Kassey,Bucksey,kbuckseyi5@netvibes.com,Female,60.174.194.221
655,Reinald,Bagshaw,rbagshawi6@umich.edu,Male,195.87.59.94
656,Dolph,Truggian,dtruggiani7@sitemeter.com,Male,173.238.63.57
657,Bendite,MacKibbon,bmackibboni8@google.ca,Female,102.2.105.187
658,Whittaker,Dinning,wdinningi9@paginegialle.it,Bigender,227.118.95.234
659,Saundra,Grinishin,sgrinishinia@msn.com,Male,247.117.251.250
660,Killy,Raspel,kraspelib@disqus.com,Male,87.159.47.159
661,Melinda,Normanvill,mnormanvillic@studiopress.com,Genderqueer,28.215.45.187
662,Izzy,Hansana,ihansanaid@bravesites.com,Male,157.110.119.220
663,Rayner,Christensen,rchristensenie@soup.io,Male,54.145.16.89
664,Daniel,Gadault,dgadaultif@edublogs.org,Male,95.61.232.175
665,Prinz,Edgar,pedgarig@hhs.gov,Male,166.99.253.95
666,Kimmi,Gumary,kgumaryih@cargocollective.com,Female,133.148.113.22
667,Robby,Peirson,rpeirsonii@so-net.ne.jp,Female,62.130.54.16
668,Talya,Kipling,tkiplingij@house.gov,Female,206.154.141.165
669,Mari,Fullilove,mfulliloveik@cdbaby.com,Female,12.94.9.169
670,Hollis,Daglish,hdaglishil@microsoft.com,Male,202.8.215.47
671,Alaric,Sloat,asloatim@theguardian.com,Male,96.69.209.29
672,Orrin,Darke,odarkein@tuttocitta.it,Male,146.197.87.90
673,Chrissie,Grafton-Herbert,cgraftonherbertio@facebook.com,Female,230.108.239.243
674,Ali,Braz,abrazip@ocn.ne.jp,Female,112.110.141.28
675,Latia,Hadlington,lhadlingtoniq@unesco.org,Genderfluid,31.134.125.180
676,Aloysius,Banfield,abanfieldir@google.ru,Agender,66.198.66.169
677,Lief,Baxster,lbaxsteris@howstuffworks.com,Male,36.119.182.156
678,Angel,Linkleter,alinkleterit@blogs.com,Female,9.184.239.86
679,Ara,Srawley,asrawleyiu@ifeng.com,Male,229.17.164.92
680,Mariana,Schutze,mschutzeiv@abc.net.au,Female,233.181.249.167
681,Osborne,Pirnie,opirnieiw@bbc.co.uk,Male,94.171.156.51
682,Cara,Betteson,cbettesonix@prlog.org,Female,26.97.234.185
683,Gaven,Ben,gbeniy@opensource.org,Male,24.177.236.126
684,Eustace,Alcide,ealcideiz@woothemes.com,Male,153.252.100.200
685,Kelsey,Grishakin,kgrishakinj0@storify.com,Bigender,32.239.42.204
686,Alina,Raye,arayej1@dedecms.com,Female,94.124.223.169
687,Ferne,Casbolt,fcasboltj2@archive.org,Female,67.187.161.57
688,Parke,Martinetto,pmartinettoj3@google.fr,Male,94.236.44.135
689,Tootsie,Cristofol,tcristofolj4@loc.gov,Female,4.208.45.25
690,Solomon,Kidstone,skidstonej5@pbs.org,Male,24.173.27.214
691,Bailie,Cowey,bcoweyj6@businesswire.com,Male,142.175.101.114
692,Rubin,Cordy,rcordyj7@cyberchimps.com,Male,98.163.33.155
693,Gerik,Sharply,gsharplyj8@shutterfly.com,Male,79.255.224.119
694,Claribel,Gunderson,cgundersonj9@naver.com,Female,237.50.132.22
695,Erina,Merdew,emerdewja@mapquest.com,Female,19.44.239.92
696,Charmion,Boreham,cborehamjb@godaddy.com,Female,205.179.37.218
697,Kirbee,Ringwood,kringwoodjc@multiply.com,Female,24.72.147.198
698,Berkie,Blade,bbladejd@blogtalkradio.com,Male,52.177.76.163
699,Cindelyn,Ost,costje@reddit.com,Genderfluid,210.87.9.202
700,Janeen,Stonbridge,jstonbridgejf@sourceforge.net,Female,137.250.158.209
701,Caty,Lippingwell,clippingwelljg@histats.com,Polygender,42.203.222.187
702,Christy,Channon,cchannonjh@etsy.com,Male,226.195.111.71
703,Jackie,Hazell,jhazellji@mit.edu,Male,100.114.40.201
704,Rozalie,Ascrofte,rascroftejj@amazon.com,Female,4.57.222.199
705,Ruttger,Burkwood,rburkwoodjk@arstechnica.com,Male,128.237.207.136
706,Susy,Owbridge,sowbridgejl@domainmarket.com,Female,220.52.137.52
707,Lottie,Punshon,lpunshonjm@wufoo.com,Female,8.21.84.38
708,Dawna,Bohills,dbohillsjn@netvibes.com,Female,222.117.22.98
709,John,Franzolini,jfranzolinijo@ustream.tv,Male,237.45.119.54
710,Baillie,Filippyev,bfilippyevjp@1und1.de,Male,90.144.239.24
711,Efrem,Fessler,efesslerjq@privacy.gov.au,Male,244.106.248.52
712,Delainey,Takis,dtakisjr@networkadvertising.org,Male,201.254.235.68
713,Ugo,Sleaford,usleafordjs@disqus.com,Male,3.172.177.90
714,Erwin,Waberer,ewabererjt@stanford.edu,Non-binary,97.71.251.193
715,Thelma,Littleover,tlittleoverju@github.com,Female,46.239.191.235
716,Abigail,Jura,ajurajv@odnoklassniki.ru,Female,78.166.203.65
717,Mendel,Demongeot,mdemongeotjw@hhs.gov,Male,195.240.114.0
718,Burg,Flaune,bflaunejx@imgur.com,Male,79.11.30.164
719,Alexina,Mattacks,amattacksjy@pen.io,Female,25.64.149.140
720,Phip,O' Bee,pobeejz@businessinsider.com,Male,66.179.144.169
721,Tessy,Jursch,tjurschk0@wisc.edu,Female,83.6.9.119
722,Codie,Eefting,ceeftingk1@chronoengine.com,Female,188.9.84.100
723,Aeriela,Meaders,ameadersk2@un.org,Female,247.23.176.62
724,Merridie,Leele,mleelek3@parallels.com,Female,104.109.181.72
725,Gerome,Bolstridge,gbolstridgek4@gizmodo.com,Male,75.240.22.98
726,Rupert,Groveham,rgrovehamk5@bbc.co.uk,Male,147.198.173.196
727,Lenette,Harnes,lharnesk6@vkontakte.ru,Female,139.15.103.121
728,Cozmo,Entwhistle,centwhistlek7@nsw.gov.au,Male,34.33.69.239
729,Ethe,Parkyn,eparkynk8@biglobe.ne.jp,Male,142.238.95.41
730,Mord,Ennion,mennionk9@earthlink.net,Male,79.200.204.21
731,Angelita,Cansdall,acansdallka@yale.edu,Female,128.172.133.43
732,Wolfy,Teese,wteesekb@oakley.com,Male,155.15.175.180
733,Ninette,Edsell,nedsellkc@bbb.org,Female,66.110.141.214
734,Bertram,Tyrwhitt,btyrwhittkd@quantcast.com,Male,176.31.142.144
735,Amelia,Hurleston,ahurlestonke@bluehost.com,Female,108.172.43.207
736,Katharyn,Cuffin,kcuffinkf@europa.eu,Female,173.65.47.153
737,Haywood,McInnery,hmcinnerykg@mashable.com,Polygender,180.152.111.39
738,Persis,Hourihane,phourihanekh@admin.ch,Female,201.98.67.216
739,Eldredge,Scotney,escotneyki@tinyurl.com,Male,228.8.255.210
740,Wynn,Renforth,wrenforthkj@wsj.com,Male,128.184.220.34
741,Kirby,Tynewell,ktynewellkk@wikimedia.org,Male,179.17.104.127
742,Rivkah,Ruttgers,rruttgerskl@lycos.com,Female,185.11.206.116
743,Genni,Fronczak,gfronczakkm@miibeian.gov.cn,Female,77.202.121.133
744,Kennan,Bibb,kbibbkn@edublogs.org,Male,87.205.252.117
745,Dom,Inworth,dinworthko@photobucket.com,Male,6.70.178.77
746,Palmer,Bettington,pbettingtonkp@spotify.com,Male,85.176.139.110
747,Judon,Shoebridge,jshoebridgekq@dell.com,Male,72.107.221.153
748,Harmonia,Tumbridge,htumbridgekr@shutterfly.com,Polygender,124.65.108.207
749,Sascha,Hardaway,shardawayks@telegraph.co.uk,Female,204.204.232.161
750,Jody,Joyson,jjoysonkt@hc360.com,Male,72.69.183.133
751,Zorine,Rothert,zrothertku@hhs.gov,Bigender,109.8.58.3
752,Gizela,Scroggs,gscroggskv@php.net,Female,175.189.62.73
753,Klaus,Ithell,kithellkw@paypal.com,Agender,192.104.150.226
754,Jean,Renwick,jrenwickkx@google.cn,Female,71.78.151.35
755,Saxon,Fronks,sfronksky@sina.com.cn,Male,131.102.62.193
756,Udale,Scneider,uscneiderkz@home.pl,Male,72.115.143.56
757,Domingo,Farraway,dfarrawayl0@slashdot.org,Male,90.161.61.252
758,Ash,Stillman,astillmanl1@deviantart.com,Male,191.207.218.48
759,Chrysa,Ramel,cramell2@hp.com,Female,109.104.128.224
760,Concordia,Oehm,coehml3@aol.com,Female,206.0.214.217
761,Darrelle,McGreary,dmcgrearyl4@webnode.com,Polygender,206.229.68.107
762,Dermot,Rudgerd,drudgerdl5@purevolume.com,Male,53.145.116.30
763,Harmon,Petrov,hpetrovl6@samsung.com,Male,187.40.106.225
764,Tova,Marvin,tmarvinl7@networkadvertising.org,Female,116.232.229.127
765,Sophia,Daffern,sdaffernl8@berkeley.edu,Female,120.77.50.166
766,Lezley,Coper,lcoperl9@un.org,Male,103.127.70.158
767,Annabella,Rosewarne,arosewarnela@indiatimes.com,Female,110.32.128.16
768,Gabbie,Nabbs,gnabbslb@woothemes.com,Male,12.94.22.246
769,Rochell,Ughini,rughinilc@hao123.com,Female,54.89.173.128
770,Anna,Siret,asiretld@blogs.com,Female,227.25.14.53
771,Collen,Tatershall,ctatershallle@storify.com,Female,229.82.217.181
772,Jamima,Whates,jwhateslf@bloomberg.com,Female,40.49.240.111
773,Jolynn,Bugge,jbuggelg@360.cn,Female,127.179.37.205
774,Garnet,Kleinplac,gkleinplaclh@unesco.org,Female,98.5.149.232
775,Frederico,Macauley,fmacauleyli@goodreads.com,Male,160.224.191.207
776,Lonnie,Barlass,lbarlasslj@php.net,Male,229.177.174.97
777,Bevon,Krop,bkroplk@redcross.org,Male,156.114.226.140
778,Lil,Dannel,ldannelll@chron.com,Female,182.59.114.181
779,Maure,Deevey,mdeeveylm@fastcompany.com,Female,53.59.169.9
780,Cam,Spadollini,cspadolliniln@nhs.uk,Female,28.230.230.254
781,Bert,O'Reilly,boreillylo@examiner.com,Female,56.87.162.63
782,Dalt,Tomankiewicz,dtomankiewiczlp@shutterfly.com,Male,81.168.170.75
783,Aubrey,Espada,aespadalq@t.co,Male,213.195.65.30
784,Elvina,Rudd,eruddlr@wufoo.com,Female,206.9.202.141
785,Errick,Iorizzi,eiorizzils@illinois.edu,Male,240.73.38.205
786,Dorise,Frangello,dfrangellolt@dagondesign.com,Female,119.208.177.69
787,Letti,Cordel,lcordellu@taobao.com,Female,17.100.222.216
788,Laurette,Espadater,lespadaterlv@skype.com,Female,212.183.125.109
789,Nananne,Mitham,nmithamlw@163.com,Female,170.161.82.28
790,Mord,Tewkesberry,mtewkesberrylx@ovh.net,Male,121.220.12.225
791,Jenelle,Futter,jfutterly@deliciousdays.com,Female,119.200.239.255
792,Adler,Davidovicz,adavidoviczlz@jimdo.com,Male,43.201.14.124
793,Enrique,Shalcras,eshalcrasm0@cnbc.com,Male,90.137.0.127
794,Isiahi,Smorfit,ismorfitm1@slideshare.net,Male,143.240.18.182
795,Roselia,Harden,rhardenm2@ask.com,Female,120.4.140.145
796,Maudie,Luciani,mlucianim3@fotki.com,Non-binary,238.239.236.204
797,Norma,Rentoll,nrentollm4@amazon.de,Bigender,6.170.49.218
798,Nancy,Brash,nbrashm5@cocolog-nifty.com,Female,116.48.246.51
799,Titos,Still,tstillm6@uiuc.edu,Male,240.132.61.88
800,Adan,Balogun,abalogunm7@redcross.org,Male,109.12.48.78
801,Devin,Gibbens,dgibbensm8@reddit.com,Male,1.57.91.4
802,Dare,Buxy,dbuxym9@twitpic.com,Male,245.171.79.136
803,Jaimie,Stedson,jstedsonma@privacy.gov.au,Female,47.22.219.25
804,Culley,Banville,cbanvillemb@addthis.com,Male,180.82.13.188
805,Filmer,Vella,fvellamc@goo.gl,Male,140.113.43.122
806,Putnam,Cocksedge,pcocksedgemd@shutterfly.com,Male,38.234.124.63
807,Madelena,Alp,malpme@addtoany.com,Female,19.120.239.240
808,Atalanta,Klejin,aklejinmf@vkontakte.ru,Female,221.172.8.162
809,Korney,Fuster,kfustermg@comsenz.com,Female,173.184.210.27
810,Pieter,Dudbridge,pdudbridgemh@furl.net,Male,33.193.240.181
811,Karalynn,Gaveltone,kgaveltonemi@weebly.com,Female,252.7.200.146
812,Nealon,Maffioni,nmaffionimj@alibaba.com,Male,79.237.52.249
813,Fairfax,Lipyeat,flipyeatmk@ucoz.com,Male,88.153.55.143
814,Oswald,Paolucci,opaolucciml@cbsnews.com,Male,235.98.35.157
815,Eudora,Exon,eexonmm@netvibes.com,Female,194.80.26.166
816,Hailey,Rilings,hrilingsmn@usgs.gov,Male,25.154.79.223
817,Fancie,Benson,fbensonmo@ucsd.edu,Female,123.67.38.209
818,Waylen,Girardy,wgirardymp@bbb.org,Male,207.148.48.160
819,Herby,Ickov,hickovmq@newyorker.com,Non-binary,48.216.199.71
820,Ursula,St. Clair,ustclairmr@google.pl,Female,187.67.124.157
821,Tulley,Winteringham,twinteringhamms@prweb.com,Male,26.225.205.23
822,Justino,Keetch,jkeetchmt@economist.com,Male,166.251.167.247
823,Em,Capaldo,ecapaldomu@loc.gov,Female,48.219.222.216
824,Modesty,Garz,mgarzmv@rediff.com,Female,156.227.235.121
825,Arne,Kiddye,akiddyemw@amazon.com,Male,196.38.179.97
826,Charmain,Dower,cdowermx@free.fr,Female,35.150.24.47
827,Boot,Cattermoul,bcattermoulmy@ucla.edu,Male,205.185.140.200
828,Freeland,Morley,fmorleymz@de.vu,Male,71.28.205.38
829,Deanna,Okenfold,dokenfoldn0@constantcontact.com,Female,6.171.186.248
830,Lutero,Edgerley,ledgerleyn1@gmpg.org,Male,110.218.107.5
831,Aeriela,Bedburrow,abedburrown2@infoseek.co.jp,Female,119.231.87.34
832,Dolli,Coult,dcoultn3@wix.com,Female,193.79.113.82
833,Lishe,Wigelsworth,lwigelsworthn4@ucsd.edu,Female,168.49.55.196
834,Mackenzie,Teissier,mteissiern5@behance.net,Male,239.159.237.139
835,Vilma,Ambrus,vambrusn6@ehow.com,Female,218.188.17.234
836,Nerty,Vasiltsov,nvasiltsovn7@yelp.com,Female,26.183.127.217
837,Goldia,Gather,ggathern8@yellowpages.com,Female,83.19.27.240
838,Blayne,De Bruijne,bdebruijnen9@wiley.com,Male,138.205.74.118
839,Gretna,Naptin,gnaptinna@arizona.edu,Female,147.171.144.217
840,Lisha,Gergolet,lgergoletnb@flickr.com,Female,245.252.206.182
841,Kermie,Pedrol,kpedrolnc@foxnews.com,Male,173.58.201.29
842,Nikolaos,Isacq,nisacqnd@discuz.net,Male,19.197.54.161
843,Kean,Shoosmith,kshoosmithne@theguardian.com,Male,147.205.114.45
844,Eldredge,Rosenau,erosenaunf@jalbum.net,Male,173.29.209.56
845,Lucien,Ogles,loglesng@harvard.edu,Male,236.93.31.131
846,Renata,Grcic,rgrcicnh@auda.org.au,Female,162.20.184.67
847,Isabeau,Segges,iseggesni@icio.us,Female,134.231.123.193
848,Joanne,Jirousek,jjirouseknj@mac.com,Polygender,125.223.195.174
849,Russell,Amy,ramynk@ocn.ne.jp,Male,153.149.134.234
850,Grace,Hallgath,ghallgathnl@virginia.edu,Male,244.101.169.123
851,Aland,Hellsdon,ahellsdonnm@theglobeandmail.com,Male,196.250.133.98
852,Beaufort,Chalice,bchalicenn@seesaa.net,Male,182.156.168.34
853,Wildon,Castella,wcastellano@nps.gov,Male,153.115.236.190
854,Wylie,Paddison,wpaddisonnp@economist.com,Male,204.11.77.113
855,Dosi,Kurten,dkurtennq@bravesites.com,Agender,25.41.245.46
856,Susan,Ervin,servinnr@tripadvisor.com,Female,38.42.127.208
857,Enrica,Fairlamb,efairlambns@google.cn,Agender,14.64.189.221
858,Eugenie,Savill,esavillnt@altervista.org,Female,203.242.193.160
859,Chev,Lamps,clampsnu@geocities.com,Male,189.217.35.22
860,Franklin,Andreone,fandreonenv@github.io,Male,44.48.205.200
861,Seumas,Haskur,shaskurnw@weebly.com,Male,220.99.137.149
862,Buck,Benkhe,bbenkhenx@t-online.de,Male,57.206.152.164
863,Von,Heed,vheedny@ebay.co.uk,Male,230.220.216.254
864,Elsworth,Helis,ehelisnz@dailymail.co.uk,Male,184.51.130.108
865,Sergio,Curston,scurstono0@sitemeter.com,Male,112.163.78.30
866,Auroora,Aldcorn,aaldcorno1@businessweek.com,Female,127.210.194.213
867,Anderea,Pogue,apogueo2@trellian.com,Female,102.62.121.205
868,Viola,Drejer,vdrejero3@devhub.com,Female,3.136.82.201
869,Orella,Clementet,oclementeto4@fema.gov,Female,140.199.154.43
870,Nickolaus,Guinane,nguinaneo5@myspace.com,Male,240.143.115.173
871,Georgianne,Dolby,gdolbyo6@ehow.com,Female,202.82.202.3
872,Bernardina,Carcas,bcarcaso7@ezinearticles.com,Female,194.88.32.114
873,Catharine,Bucky,cbuckyo8@cbsnews.com,Bigender,81.20.127.208
874,Yance,Skelhorn,yskelhorno9@hc360.com,Male,238.252.22.193
875,Alikee,Lethcoe,alethcoeoa@jalbum.net,Female,70.44.59.160
876,Falkner,McKeown,fmckeownob@macromedia.com,Male,231.237.94.66
877,Evered,Joddins,ejoddinsoc@oakley.com,Male,229.110.167.103
878,Kristoforo,Sibson,ksibsonod@mashable.com,Male,38.105.20.3
879,Odessa,Benterman,obentermanoe@samsung.com,Female,203.156.5.172
880,Nisse,Evanson,nevansonof@ucsd.edu,Genderqueer,234.51.255.200
881,Margi,Winchurst,mwinchurstog@cnn.com,Female,231.188.169.153
882,Alexio,Vannuccinii,avannucciniioh@salon.com,Male,50.155.232.131
883,Timofei,Wilstead,twilsteadoi@loc.gov,Male,236.25.156.56
884,Humfrey,Gillise,hgilliseoj@msn.com,Male,199.216.91.1
885,Sharyl,Dunbar,sdunbarok@yolasite.com,Female,170.173.37.84
886,Garth,Mantram,gmantramol@xrea.com,Male,43.202.17.28
887,Katine,Heindrick,kheindrickom@mozilla.com,Female,7.179.255.145
888,Saidee,Battrick,sbattrickon@ft.com,Female,181.206.186.70
889,Anstice,Joselin,ajoselinoo@jimdo.com,Female,87.157.67.84
890,Rayshell,Stebbings,rstebbingsop@omniture.com,Female,150.3.37.80
891,Bailey,Gubbin,bgubbinoq@cnbc.com,Male,144.119.219.159
892,Markus,Timson,mtimsonor@prlog.org,Male,43.87.71.14
893,Allard,O'Mahoney,aomahoneyos@hugedomains.com,Male,214.67.212.85
894,Agnola,Menear,amenearot@ed.gov,Female,97.25.124.162
895,Robbie,Richardes,rrichardesou@senate.gov,Male,234.82.187.150
896,Agnese,Kenright,akenrightov@over-blog.com,Female,198.190.28.121
897,Celia,Dobrowolski,cdobrowolskiow@i2i.jp,Female,234.204.193.157
898,Lori,Bartleet,lbartleetox@cocolog-nifty.com,Female,102.102.122.39
899,Hattie,Cranke,hcrankeoy@godaddy.com,Female,124.69.121.155
900,Dorey,Albro,dalbrooz@indiatimes.com,Female,50.12.107.42
901,Truda,Piolli,tpiollip0@jugem.jp,Female,178.129.101.69
902,Faun,Dunsford,fdunsfordp1@house.gov,Female,142.129.13.40
903,Guy,Triggs,gtriggsp2@com.com,Male,20.178.125.125
904,Benedikta,Aishford,baishfordp3@eventbrite.com,Female,145.140.170.70
905,Ber,Doley,bdoleyp4@pagesperso-orange.fr,Genderfluid,220.224.95.142
906,Jaquith,Vondra,jvondrap5@wunderground.com,Genderfluid,171.14.116.255
907,Monica,Kennagh,mkennaghp6@tripadvisor.com,Female,212.67.248.135
908,Damita,Tweddell,dtweddellp7@vkontakte.ru,Female,217.227.186.233
909,Pearle,Shillam,pshillamp8@amazon.com,Female,223.7.21.139
910,Quinlan,Seller,qsellerp9@eventbrite.com,Male,255.75.43.174
911,Glynnis,Henbury,ghenburypa@imageshack.us,Female,145.3.41.174
912,Lane,Shory,lshorypb@hhs.gov,Male,66.137.112.21
913,Pattie,O'Hartnett,pohartnettpc@geocities.jp,Female,149.181.225.60
914,Hall,Gorghetto,hgorghettopd@dropbox.com,Male,200.163.130.99
915,Griffith,Earpe,gearpepe@yale.edu,Male,31.141.40.171
916,Sheelah,Manwell,smanwellpf@spiegel.de,Female,151.224.80.186
917,Elliot,Alberts,ealbertspg@ibm.com,Male,170.249.4.175
918,Helaine,Sheryne,hsheryneph@washington.edu,Genderqueer,13.207.79.166
919,Hollyanne,Gilloran,hgilloranpi@statcounter.com,Female,206.79.115.229
920,Rutter,Greenhouse,rgreenhousepj@symantec.com,Male,58.38.233.197
921,Staffard,Whitnell,swhitnellpk@fastcompany.com,Male,239.221.135.186
922,Judi,Evens,jevenspl@hibu.com,Female,233.203.12.19
923,Doralia,Jessard,djessardpm@hubpages.com,Female,197.69.228.103
924,Annetta,Merkel,amerkelpn@tiny.cc,Female,145.20.171.174
925,Gusti,Volcker,gvolckerpo@indiegogo.com,Female,184.103.60.21
926,Tanny,Leonardi,tleonardipp@dailymail.co.uk,Male,188.58.86.203
927,Analiese,Daye,adayepq@sun.com,Female,168.90.121.176
928,Sondra,Chevins,schevinspr@elpais.com,Female,65.59.140.53
929,Gwenette,Zorzetti,gzorzettips@nytimes.com,Female,199.138.63.60
930,Royal,Aldie,raldiept@sogou.com,Male,255.123.213.146
931,Ashely,Kobierski,akobierskipu@dion.ne.jp,Female,163.204.191.118
932,Evy,Brimilcombe,ebrimilcombepv@fda.gov,Female,89.1.222.169
933,Candis,Phil,cphilpw@mayoclinic.com,Female,123.77.4.229
934,Bren,Twallin,btwallinpx@paypal.com,Male,195.170.159.234
935,Kent,Ungerecht,kungerechtpy@360.cn,Male,21.73.245.159
936,Puff,Killock,pkillockpz@google.com.au,Male,72.225.226.235
937,Prissie,Nelius,pneliusq0@ebay.co.uk,Female,109.237.76.27
938,Matthieu,Pods,mpodsq1@illinois.edu,Male,33.72.107.160
939,Merrie,Zottoli,mzottoliq2@icio.us,Female,204.249.122.182
940,Wells,Calderwood,wcalderwoodq3@dion.ne.jp,Male,82.61.126.41
941,Edwin,Saladine,esaladineq4@paginegialle.it,Male,34.156.114.186
942,Emilia,Slaughter,eslaughterq5@cloudflare.com,Female,115.108.31.192
943,Bogey,Roose,brooseq6@google.ca,Male,113.252.111.240
944,Marlon,Durnell,mdurnellq7@myspace.com,Polygender,240.236.66.82
945,Yvor,Dracksford,ydracksfordq8@nymag.com,Male,40.2.48.46
946,Gregoor,Robben,grobbenq9@is.gd,Male,113.115.154.12
947,Catie,Marner,cmarnerqa@ibm.com,Female,62.235.130.103
948,Lenard,Granleese,lgranleeseqb@prnewswire.com,Genderfluid,196.222.120.219
949,Haley,Jellman,hjellmanqc@noaa.gov,Male,146.188.78.254
950,Lacy,McBayne,lmcbayneqd@cocolog-nifty.com,Female,128.166.115.79
951,Ralf,Lampe,rlampeqe@multiply.com,Male,169.30.85.244
952,Onfre,Prowse,oprowseqf@sina.com.cn,Male,102.227.139.118
953,Bird,Yushmanov,byushmanovqg@bbc.co.uk,Female,213.169.81.81
954,Archibald,Grocock,agrocockqh@dedecms.com,Male,35.183.189.167
955,Judah,Beumant,jbeumantqi@cisco.com,Male,94.52.98.212
956,Renato,O'Hollegan,roholleganqj@sina.com.cn,Male,23.3.69.242
957,Lemmie,Shear,lshearqk@ucla.edu,Male,49.43.216.231
958,Michel,Prayer,mprayerql@forbes.com,Male,83.46.231.126
959,Flint,Pettengell,fpettengellqm@alexa.com,Male,159.31.99.226
960,Tabbie,Swadden,tswaddenqn@comcast.net,Male,100.244.143.50
961,Darci,Maysor,dmaysorqo@unc.edu,Female,186.233.26.44
962,Eada,Morgen,emorgenqp@hc360.com,Female,113.230.166.181
963,Esdras,Elsbury,eelsburyqq@e-recht24.de,Male,126.242.96.243
964,Hannis,Roseby,hrosebyqr@sitemeter.com,Female,107.32.165.242
965,Trenna,Van Zon,tvanzonqs@patch.com,Female,87.81.141.146
966,Una,Joskowitz,ujoskowitzqt@vinaora.com,Female,243.68.100.8
967,Katy,Winders,kwindersqu@yellowbook.com,Female,122.147.222.135
968,Tyrone,Farbrother,tfarbrotherqv@gmpg.org,Male,121.75.51.5
969,Ernaline,Nulty,enultyqw@google.ru,Female,44.13.28.94
970,Farlee,Woolmer,fwoolmerqx@vinaora.com,Male,202.27.122.153
971,Ker,Dayment,kdaymentqy@squarespace.com,Male,107.228.76.251
972,Leoline,Causbey,lcausbeyqz@globo.com,Female,110.38.134.34
973,Hettie,Rivers,hriversr0@feedburner.com,Non-binary,143.106.34.51
974,Berrie,Pendlenton,bpendlentonr1@alexa.com,Female,249.203.158.216
975,Silas,Lazonby,slazonbyr2@facebook.com,Male,251.164.132.158
976,Eziechiele,Kardos,ekardosr3@people.com.cn,Bigender,62.251.74.250
977,Aurora,Willgress,awillgressr4@digg.com,Female,233.40.165.237
978,Stepha,Ivanikhin,sivanikhinr5@free.fr,Female,222.198.50.241
979,Winifred,Allsup,wallsupr6@google.co.uk,Female,203.69.44.55
980,Verna,Baudic,vbaudicr7@blogs.com,Female,129.185.164.5
981,Mia,Blazhevich,mblazhevichr8@virginia.edu,Female,139.199.20.179
982,Darn,Fibbens,dfibbensr9@woothemes.com,Male,91.163.18.71
983,Dell,Pittendreigh,dpittendreighra@vimeo.com,Female,255.194.23.203
984,Josiah,Thornhill,jthornhillrb@hhs.gov,Male,210.66.29.85
985,Natalie,Fulleylove,nfulleyloverc@imgur.com,Female,183.66.191.107
986,Dominique,Duham,dduhamrd@amazonaws.com,Female,201.84.96.34
987,Christine,Bownas,cbownasre@hibu.com,Female,201.197.0.253
988,Sergeant,Croster,scrosterrf@angelfire.com,Male,248.14.161.253
989,Merilee,Tilling,mtillingrg@cisco.com,Female,223.170.4.24
990,Glenden,Wyldish,gwyldishrh@vkontakte.ru,Male,181.58.93.118
991,Bernarr,Bashford,bbashfordri@google.ca,Male,230.7.51.253
992,Kameko,Gryglewski,kgryglewskirj@ucoz.com,Female,206.159.254.247
993,Quillan,Thrussell,qthrussellrk@wufoo.com,Male,193.17.80.140
994,Normie,Maylor,nmaylorrl@amazon.co.uk,Male,235.132.241.229
995,Celeste,Radeliffe,cradelifferm@cdbaby.com,Female,180.194.216.50
996,Jdavie,Laffoley-Lane,jlaffoleylanern@tinyurl.com,Male,220.200.231.6
997,Ernesto,Coorington,ecooringtonro@msu.edu,Male,76.79.133.149
998,Dean,Ecclestone,decclestonerp@ezinearticles.com,Male,255.155.24.134
999,Nixie,Mc Giffin,nmcgiffinrq@yellowpages.com,Female,30.197.195.179
1000,Claudius,Diviny,cdivinyrr@who.int,Male,200.115.159.163
